{
    "DegAng": {
        "X": 12.45001220703125,
        "Y": 529.650634765625,
        "Z": 0.0
    },
    "Location": {
        "X": 0.0,
        "Y": 1.5000001192092896,
        "Z": -3.0
    },
    "TypeName": "TPSCamera"
}